2B (Nose Pokes),,,,,,2G (deltaF/F),,,,,,,,,,,,,,,,,,,,2H (deltaF/F),,,,,,,,,,,,,,,,,,
,RR20,,RI120,,,,NP+,,,,,,,,,NP-,,,,,,,,,,,ME+,,,,,,,,,ME-,,,,,,,,
ID,Valued,Devalued,Valued,Devalued,,,RI120,,,,RR20,,,,,RI120,,,,RR20,,,,,,,RI120,,,,RR20,,,,,RI120,,,,RR20,,,,
1,61,25,45,31,,Time|ID,1,2,3,4,1,2,3,4,5,1,2,3,4,1,2,3,4,5,,Time|ID,1,2,3,4,1,2,3,4,5,1,2,3,4,1,2,3,4,5
2,65,11,65,45,,-2,0,0.525,0.372727273,0.54,0.435789,0.471111,0.561667,0.342951,0.523571,0.788235,0.671429,0.480357,0.468421,0.691743,0.444853,0.57,0.447706,0.531855,,-2,0.654167,0.291667,0.136364,0.75,-0.01053,0.386667,0.058333,0.403279,0.571429,0.563636,0.564198,0.249367,0.197436,0.208,0.719048,0.467949,0.426154,0.445614
3,94,15,11,12,,-1.96667,0,0.533333333,0.354545455,0.54,0.441053,0.457778,0.545,0.354426,0.523571,0.8,0.660714,0.473214,0.447368,0.686239,0.436029,0.568462,0.435321,0.533871,,-1.96667,0.6625,0.275,0.127273,0.72,0.031579,0.371111,0.0625,0.413115,0.567857,0.554545,0.549383,0.246835,0.2,0.194667,0.738095,0.45641,0.421538,0.44386
4,75,19,9,15,,-1.93333,0,0.508333333,0.336363636,0.58,0.435789,0.446667,0.524167,0.37082,0.525357,0.835294,0.664286,0.464286,0.447368,0.675229,0.435294,0.565385,0.424771,0.539113,,-1.93333,0.679167,0.283333,0.127273,0.68,0.052632,0.382222,0.066667,0.414754,0.566071,0.545455,0.545679,0.251899,0.189744,0.184,0.733333,0.45641,0.418462,0.435088
5,122,28,98,74,,-1.9,0,0.541666667,0.354545455,0.59,0.441053,0.453333,0.536667,0.385574,0.527143,0.852941,0.65,0.469643,0.431579,0.674312,0.430147,0.563846,0.416972,0.539516,,-1.9,0.720833,0.266667,0.109091,0.62,0.094737,0.373333,0.075,0.419672,0.560714,0.545455,0.549383,0.243038,0.198718,0.18,0.742857,0.471795,0.42,0.419298
6,100,30,,,,-1.86667,0,0.533333333,0.354545455,0.61,0.425263,0.451111,0.536667,0.39541,0.543214,0.852941,0.660714,0.455357,0.4,0.657798,0.429412,0.562308,0.398624,0.540726,,-1.86667,0.75,0.283333,0.1,0.57,0.110526,0.366667,0.075,0.42623,0.548214,0.527273,0.548148,0.241772,0.185897,0.16,0.742857,0.465385,0.407692,0.414035
,,,,,,-1.83333,0.066666667,0.533333333,0.345454545,0.64,0.42,0.444444,0.536667,0.408525,0.548571,0.876471,0.646429,0.453571,0.4,0.650459,0.426471,0.55,0.389908,0.545565,,-1.83333,0.754167,0.275,0.118182,0.49,0.1,0.348889,0.091667,0.421311,0.535714,0.509091,0.52716,0.234177,0.189744,0.158667,0.757143,0.474359,0.416923,0.4
,,,,,,-1.8,0,0.575,0.354545455,0.64,0.425263,0.435556,0.536667,0.418361,0.555714,0.852941,0.625,0.4375,0.389474,0.636697,0.438235,0.546923,0.383945,0.546371,,-1.8,0.766667,0.3,0.090909,0.45,0.121053,0.337778,0.079167,0.422951,0.525,0.527273,0.522222,0.246835,0.196154,0.145333,0.757143,0.474359,0.416923,0.382456
,,,,,,-1.76667,0.033333333,0.575,0.390909091,0.66,0.425263,0.424444,0.490833,0.426557,0.571786,0.9,0.639286,0.421429,0.389474,0.627523,0.441912,0.542308,0.387156,0.552419,,-1.76667,0.7625,0.308333,0.072727,0.45,0.136842,0.322222,0.0875,0.404918,0.507143,0.472727,0.522222,0.239241,0.20641,0.14,0.780952,0.474359,0.418462,0.378947
,,,,,,-1.73333,0,0.558333333,0.4,0.68,0.446316,0.428889,0.495,0.42,0.571786,0.917647,0.639286,0.425,0.373684,0.614679,0.440441,0.536923,0.385321,0.560887,,-1.73333,0.758333,0.333333,0.054545,0.42,0.1,0.322222,0.091667,0.398361,0.5,0.445455,0.518519,0.236709,0.220513,0.138667,0.771429,0.480769,0.412308,0.37193
,,,,,,-1.7,0,0.558333333,0.427272727,0.7,0.446316,0.422222,0.486667,0.423279,0.586071,0.9,0.628571,0.444643,0.373684,0.609174,0.444118,0.526154,0.400459,0.560887,,-1.7,0.754167,0.341667,0.045455,0.39,0.084211,0.308889,0.095833,0.393443,0.483929,0.454545,0.507407,0.237975,0.214103,0.130667,0.780952,0.483333,0.416923,0.364912
,,,,,,-1.66667,0.033333333,0.533333333,0.427272727,0.71,0.472632,0.417778,0.465833,0.44623,0.621786,0.9,0.642857,0.4375,0.352632,0.598165,0.443382,0.519231,0.406881,0.567742,,-1.66667,0.7375,0.333333,0.018182,0.36,0.047368,0.3,0.1,0.393443,0.457143,0.454545,0.503704,0.232911,0.217949,0.137333,0.8,0.49359,0.407692,0.363158
,,,,,,-1.63333,0.133333333,0.55,0.427272727,0.75,0.483158,0.415556,0.4575,0.452787,0.637857,0.9,0.628571,0.453571,0.347368,0.587156,0.449265,0.528462,0.410092,0.574597,,-1.63333,0.733333,0.341667,-0.00909,0.34,0.036842,0.291111,0.108333,0.383607,0.430357,0.427273,0.492593,0.235443,0.219231,0.134667,0.795238,0.508974,0.403077,0.364912
,,,,,,-1.6,0.1,0.533333333,0.409090909,0.76,0.477895,0.422222,0.4575,0.436393,0.634286,0.929412,0.614286,0.451786,0.357895,0.587156,0.459559,0.54,0.412844,0.586694,,-1.6,0.745833,0.341667,-0.04545,0.34,0.015789,0.271111,0.116667,0.372131,0.423214,0.4,0.492593,0.237975,0.226923,0.138667,0.8,0.505128,0.401538,0.363158
,,,,,,-1.56667,0,0.566666667,0.418181818,0.78,0.441053,0.411111,0.428333,0.441311,0.6325,0.911765,0.617857,0.442857,0.357895,0.575229,0.4625,0.541538,0.405963,0.600806,,-1.56667,0.754167,0.366667,-0.07273,0.34,0.010526,0.26,0.1125,0.363934,0.417857,0.390909,0.506173,0.234177,0.235897,0.134667,0.814286,0.5,0.407692,0.37193
,,,,,,-1.53333,0.066666667,0.558333333,0.390909091,0.8,0.430526,0.411111,0.403333,0.436393,0.646786,0.929412,0.617857,0.444643,0.373684,0.558716,0.463235,0.546923,0.405505,0.6,,-1.53333,0.754167,0.35,-0.09091,0.33,0.005263,0.271111,0.120833,0.362295,0.405357,0.363636,0.495062,0.221519,0.244872,0.142667,0.814286,0.502564,0.415385,0.387719
,,,,,,-1.5,0,0.55,0.381818182,0.82,0.393684,0.411111,0.3825,0.434754,0.652143,0.882353,0.617857,0.442857,0.4,0.558716,0.475735,0.545385,0.395872,0.608468,,-1.5,0.783333,0.358333,-0.08182,0.28,-0.01053,0.297778,0.129167,0.357377,0.389286,0.354545,0.491358,0.227848,0.242308,0.141333,0.819048,0.50641,0.423077,0.387719
,,,,,,-1.46667,0,0.491666667,0.4,0.8,0.383158,0.404444,0.361667,0.429836,0.652143,0.882353,0.614286,0.451786,0.4,0.538532,0.483824,0.551538,0.399083,0.620565,,-1.46667,0.8125,0.341667,-0.12727,0.26,-0.02105,0.306667,0.166667,0.362295,0.367857,0.336364,0.496296,0.218987,0.242308,0.137333,0.861905,0.525641,0.427692,0.401754
,,,,,,-1.43333,0.066666667,0.475,0.381818182,0.79,0.351579,0.397778,0.3325,0.44459,0.652143,0.870588,0.607143,0.446429,0.415789,0.526606,0.494118,0.553077,0.396789,0.629032,,-1.43333,0.825,0.358333,-0.10909,0.25,-0.02632,0.315556,0.183333,0.354098,0.3625,0.363636,0.497531,0.226582,0.244872,0.142667,0.847619,0.538462,0.433846,0.417544
,,,,,,-1.4,0.033333333,0.425,0.354545455,0.81,0.351579,0.404444,0.290833,0.441311,0.639643,0.852941,0.607143,0.457143,0.426316,0.511009,0.494118,0.542308,0.383945,0.641129,,-1.4,0.85,0.358333,-0.1,0.21,-0.03158,0.32,0.216667,0.360656,0.355357,0.354545,0.487654,0.220253,0.244872,0.149333,0.852381,0.530769,0.424615,0.431579
,,,,,,-1.36667,0.066666667,0.425,0.327272727,0.82,0.330526,0.417778,0.2575,0.423279,0.628929,0.847059,0.617857,0.466071,0.421053,0.499083,0.497794,0.537692,0.380734,0.645565,,-1.36667,0.845833,0.35,-0.04545,0.19,-0.02632,0.326667,0.233333,0.357377,0.366071,0.327273,0.469136,0.243038,0.242308,0.148,0.852381,0.548718,0.44,0.42807
,,,,,,-1.33333,0.033333333,0.408333333,0.318181818,0.82,0.325263,0.413333,0.240833,0.411803,0.621786,0.841176,0.596429,0.475,0.389474,0.481651,0.509559,0.528462,0.36789,0.652823,,-1.33333,0.85,0.325,-0.00909,0.15,-0.03158,0.331111,0.2625,0.342623,0.364286,0.327273,0.459259,0.258228,0.246154,0.162667,0.847619,0.567949,0.449231,0.438596
,,,,,,-1.3,0.033333333,0.4,0.309090909,0.84,0.304211,0.428889,0.236667,0.390492,0.639643,0.823529,0.6,0.483929,0.389474,0.470642,0.510294,0.517692,0.359174,0.6625,,-1.3,0.854167,0.291667,0.045455,0.13,-0.04737,0.32,0.266667,0.332787,0.35,0.309091,0.451852,0.26962,0.24359,0.157333,0.847619,0.570513,0.453846,0.445614
,,,,,,-1.26667,0.1,0.4,0.290909091,0.85,0.283158,0.44,0.224167,0.383934,0.634286,0.817647,0.557143,0.492857,0.384211,0.469725,0.521324,0.503846,0.349083,0.670161,,-1.26667,0.841667,0.291667,0.081818,0.06,-0.03158,0.324444,0.2875,0.331148,0.355357,0.318182,0.450617,0.273418,0.228205,0.174667,0.861905,0.585897,0.464615,0.436842
,,,,,,-1.23333,0.066666667,0.383333333,0.3,0.83,0.267368,0.44,0.2075,0.374098,0.637857,0.776471,0.55,0.4875,0.363158,0.454128,0.527206,0.510769,0.336239,0.679435,,-1.23333,0.845833,0.266667,0.127273,0.02,-0.03684,0.34,0.3375,0.336066,0.355357,0.345455,0.438272,0.28481,0.238462,0.174667,0.866667,0.59359,0.461538,0.445614
,,,,,,-1.2,0,0.358333333,0.318181818,0.83,0.241053,0.475556,0.186667,0.37082,0.650357,0.776471,0.525,0.480357,0.373684,0.433945,0.533824,0.503846,0.338073,0.683065,,-1.2,0.833333,0.266667,0.209091,-0.02,-0.04737,0.362222,0.354167,0.332787,0.351786,0.345455,0.448148,0.298734,0.239744,0.190667,0.871429,0.602564,0.472308,0.445614
,,,,,,-1.16667,0.033333333,0.35,0.3,0.84,0.241053,0.475556,0.195,0.367541,0.646786,0.776471,0.532143,0.476786,0.368421,0.425688,0.546324,0.504615,0.333486,0.697177,,-1.16667,0.829167,0.291667,0.245455,-0.05,-0.02105,0.348889,0.3875,0.365574,0.355357,0.327273,0.454321,0.303797,0.241026,0.205333,0.909524,0.608974,0.475385,0.449123
,,,,,,-1.13333,0.033333333,0.341666667,0.272727273,0.81,0.230526,0.475556,0.1825,0.367541,0.634286,0.764706,0.503571,0.4875,0.363158,0.414679,0.543382,0.492308,0.328899,0.702419,,-1.13333,0.825,0.275,0.327273,-0.06,-0.00526,0.38,0.4375,0.385246,0.35,0.327273,0.455556,0.317722,0.25,0.206667,0.942857,0.629487,0.484615,0.459649
,,,,,,-1.1,0.033333333,0.333333333,0.218181818,0.77,0.241053,0.48,0.174167,0.347869,0.627143,0.752941,0.471429,0.483929,0.368421,0.39633,0.561765,0.491538,0.322477,0.718548,,-1.1,0.8125,0.3,0.381818,-0.07,0,0.406667,0.479167,0.408197,0.367857,0.3,0.47037,0.321519,0.247436,0.225333,0.966667,0.644872,0.490769,0.454386
,,,,,,-1.06667,0.1,0.308333333,0.163636364,0.74,0.225263,0.48,0.174167,0.318361,0.623571,0.729412,0.421429,0.473214,0.384211,0.384404,0.563235,0.482308,0.326147,0.732258,,-1.06667,0.795833,0.3,0.418182,-0.09,0.005263,0.42,0.495833,0.442623,0.392857,0.3,0.48642,0.331646,0.25641,0.234667,0.980952,0.661538,0.490769,0.464912
,,,,,,-1.03333,0.066666667,0.283333333,0.118181818,0.71,0.225263,0.464444,0.178333,0.311803,0.614643,0.758824,0.407143,0.460714,0.384211,0.36789,0.565441,0.474615,0.331651,0.746774,,-1.03333,0.795833,0.316667,0.445455,-0.1,0.010526,0.453333,0.554167,0.478689,0.416071,0.290909,0.503704,0.359494,0.252564,0.265333,1.014286,0.673077,0.510769,0.470175
,,,,,,-1,0.133333333,0.275,0.118181818,0.66,0.209474,0.468889,0.186667,0.300328,0.586071,0.747059,0.4,0.448214,0.384211,0.353211,0.571324,0.461538,0.337156,0.7625,,-1,0.766667,0.283333,0.509091,-0.08,0.063158,0.495556,0.6125,0.534426,0.441071,0.318182,0.511111,0.377215,0.274359,0.281333,1.004762,0.682051,0.529231,0.475439
,,,,,,-0.96667,0.133333333,0.25,0.090909091,0.62,0.204211,0.484444,0.165833,0.282295,0.575357,0.752941,0.353571,0.441071,0.357895,0.336697,0.578676,0.451538,0.348624,0.781855,,-0.96667,0.75,0.283333,0.554545,-0.08,0.131579,0.531111,0.65,0.578689,0.471429,0.263636,0.519753,0.403797,0.280769,0.321333,1.014286,0.714103,0.572308,0.5
,,,,,,-0.93333,0.133333333,0.216666667,0.1,0.57,0.209474,0.495556,0.174167,0.282295,0.553929,0.747059,0.342857,0.432143,0.384211,0.326606,0.5875,0.448462,0.349083,0.789113,,-0.93333,0.75,0.333333,0.609091,-0.05,0.173684,0.575556,0.675,0.637705,0.507143,0.272727,0.533333,0.43038,0.302564,0.353333,1.061905,0.735897,0.612308,0.524561
,,,,,,-0.9,0.133333333,0.191666667,0.136363636,0.56,0.198947,0.491111,0.199167,0.277377,0.539643,0.747059,0.310714,0.425,0.384211,0.307339,0.597794,0.434615,0.351835,0.799597,,-0.9,0.733333,0.35,0.636364,-0.03,0.226316,0.642222,0.725,0.698361,0.530357,0.254545,0.554321,0.441772,0.325641,0.389333,1.095238,0.733333,0.658462,0.55614
,,,,,,-0.86667,0.166666667,0.2,0.127272727,0.52,0.193684,0.493333,0.1825,0.277377,0.537857,0.711765,0.257143,0.425,0.363158,0.289908,0.596324,0.428462,0.36055,0.802419,,-0.86667,0.7375,0.35,0.7,-0.01,0.315789,0.715556,0.766667,0.772131,0.548214,0.254545,0.579012,0.460759,0.34359,0.416,1.152381,0.728205,0.713846,0.587719
,,,,,,-0.83333,0.2,0.175,0.154545455,0.44,0.183158,0.493333,0.1825,0.272459,0.523571,0.741176,0.225,0.414286,0.363158,0.274312,0.606618,0.413846,0.360092,0.802016,,-0.83333,0.733333,0.358333,0.709091,0.06,0.378947,0.795556,0.808333,0.854098,0.6,0.218182,0.620988,0.474684,0.347436,0.450667,1.190476,0.739744,0.764615,0.631579
,,,,,,-0.8,0.2,0.125,0.145454545,0.39,0.172632,0.493333,0.17,0.262623,0.518214,0.741176,0.232143,0.405357,0.352632,0.26422,0.606618,0.402308,0.354128,0.796371,,-0.8,0.708333,0.391667,0.754545,0.09,0.463158,0.88,0.829167,0.942623,0.660714,0.227273,0.653086,0.489873,0.364103,0.48,1.242857,0.753846,0.827692,0.65614
,,,,,,-0.76667,0.166666667,0.116666667,0.118181818,0.39,0.172632,0.491111,0.161667,0.256066,0.503929,0.752941,0.203571,0.380357,0.321053,0.246789,0.602941,0.405385,0.348165,0.793548,,-0.76667,0.7125,0.4,0.790909,0.15,0.526316,0.988889,0.870833,1.027869,0.739286,0.209091,0.68642,0.51519,0.4,0.517333,1.27619,0.779487,0.896923,0.694737
,,,,,,-0.73333,0.166666667,0.1,0.145454545,0.38,0.151579,0.486667,0.161667,0.252787,0.491429,0.764706,0.157143,0.367857,0.289474,0.237615,0.597059,0.391538,0.348165,0.789919,,-0.73333,0.725,0.416667,0.854545,0.27,0.584211,1.071111,0.895833,1.122951,0.791071,0.209091,0.730864,0.539241,0.425641,0.556,1.32381,0.797436,0.958462,0.736842
,,,,,,-0.7,0.166666667,0.05,0.081818182,0.36,0.141053,0.488889,0.149167,0.252787,0.500357,0.735294,0.146429,0.344643,0.268421,0.221101,0.597059,0.382308,0.335321,0.784677,,-0.7,0.729167,0.466667,0.909091,0.34,0.642105,1.193333,0.933333,1.211475,0.875,0.190909,0.77037,0.562025,0.446154,0.593333,1.342857,0.811538,1.004615,0.768421
,,,,,,-0.66667,0.166666667,0,0.063636364,0.36,0.104211,0.464444,0.153333,0.242951,0.502143,0.758824,0.128571,0.307143,0.236842,0.199083,0.591912,0.379231,0.327064,0.783871,,-0.66667,0.741667,0.558333,0.981818,0.49,0.710526,1.286667,0.966667,1.290164,0.933929,0.2,0.803704,0.605063,0.475641,0.630667,1.361905,0.824359,1.06,0.803509
,,,,,,-0.63333,0.166666667,-0.025,0.063636364,0.35,0.062105,0.464444,0.128333,0.234754,0.495,0.782353,0.135714,0.294643,0.189474,0.181651,0.588971,0.369231,0.313303,0.771774,,-0.63333,0.741667,0.633333,1.063636,0.61,0.768421,1.377778,0.991667,1.378689,1,0.209091,0.853086,0.621519,0.519231,0.662667,1.4,0.825641,1.126154,0.842105
,,,,,,-0.6,0.233333333,0.008333333,0.009090909,0.32,0.046316,0.448889,0.103333,0.226557,0.486071,0.817647,0.117857,0.253571,0.178947,0.159633,0.571324,0.366154,0.299541,0.762903,,-0.6,0.758333,0.741667,1.118182,0.75,0.847368,1.464444,1.020833,1.455738,1.058929,0.209091,0.916049,0.658228,0.560256,0.709333,1.42381,0.821795,1.170769,0.877193
,,,,,,-0.56667,0.3,-0.025,0.018181818,0.32,0.004211,0.437778,0.099167,0.215082,0.486071,0.811765,0.096429,0.225,0.152632,0.144037,0.564706,0.361538,0.295872,0.755242,,-0.56667,0.745833,0.791667,1.190909,0.9,0.921053,1.54,1.033333,1.508197,1.125,0.218182,0.961728,0.692405,0.614103,0.738667,1.442857,0.821795,1.196923,0.915789
,,,,,,-0.53333,0.333333333,-0.025,-0.018181818,0.32,-0.05368,0.428889,0.1075,0.208525,0.4825,0.835294,0.085714,0.216071,0.147368,0.116514,0.552206,0.351538,0.290367,0.741935,,-0.53333,0.7375,0.875,1.245455,1.05,0.973684,1.613333,1.058333,1.542623,1.191071,0.218182,1.017284,0.720253,0.667949,0.782667,1.438095,0.817949,1.218462,0.938596
,,,,,,-0.5,0.333333333,-0.05,-0.036363636,0.33,-0.10632,0.413333,0.099167,0.19377,0.455714,0.847059,0.064286,0.180357,0.152632,0.087156,0.532353,0.350769,0.283486,0.735887,,-0.5,0.7625,0.925,1.3,1.24,1.021053,1.662222,1.1125,1.539344,1.266071,0.163636,1.091358,0.756962,0.723077,0.810667,1.438095,0.821795,1.247692,0.966667
,,,,,,-0.46667,0.333333333,-0.1,-0.063636364,0.3,-0.13263,0.391111,0.099167,0.190492,0.436071,0.847059,0.032143,0.158929,0.147368,0.063303,0.509559,0.345385,0.277982,0.718548,,-0.46667,0.791667,1,1.354545,1.39,1.052632,1.706667,1.116667,1.531148,1.339286,0.163636,1.15679,0.791139,0.767949,0.833333,1.442857,0.803846,1.246154,0.968421
,,,,,,-0.43333,0.4,-0.091666667,-0.072727273,0.3,-0.18526,0.364444,0.074167,0.174098,0.421786,0.823529,0.025,0.146429,0.121053,0.045872,0.496324,0.331538,0.268349,0.702016,,-0.43333,0.8,1.058333,1.427273,1.53,1.073684,1.711111,1.129167,1.514754,1.382143,0.145455,1.233333,0.824051,0.824359,0.849333,1.419048,0.803846,1.233846,0.97193
,,,,,,-0.4,0.4,-0.108333333,-0.072727273,0.27,-0.23789,0.357778,0.049167,0.164262,0.396786,0.817647,0,0.128571,0.073684,0.019266,0.465441,0.319231,0.261009,0.674597,,-0.4,0.845833,1.141667,1.490909,1.64,1.078947,1.715556,1.133333,1.467213,1.425,0.127273,1.308642,0.853165,0.883333,0.857333,1.409524,0.796154,1.223077,0.95614
,,,,,,-0.36667,0.5,-0.116666667,-0.1,0.24,-0.27474,0.34,0.040833,0.165902,0.389643,0.817647,-0.01786,0.108929,0.031579,-0.00183,0.441912,0.31,0.25367,0.63871,,-0.36667,0.883333,1.225,1.518182,1.75,1.126316,1.7,1.125,1.408197,1.448214,0.136364,1.365432,0.888608,0.942308,0.862667,1.37619,0.776923,1.189231,0.922807
,,,,,,-0.33333,0.633333333,-0.091666667,-0.109090909,0.25,-0.30632,0.322222,0.015833,0.157705,0.346786,0.811765,-0.025,0.096429,0,-0.0211,0.425735,0.301538,0.248165,0.614919,,-0.33333,0.891667,1.341667,1.572727,1.81,1.147368,1.677778,1.154167,1.329508,1.451786,0.118182,1.419753,0.911392,1.002564,0.861333,1.352381,0.782051,1.138462,0.919298
,,,,,,-0.3,0.766666667,-0.058333333,-0.118181818,0.23,-0.35368,0.3,0.024167,0.159344,0.337857,0.811765,-0.03214,0.071429,-0.01579,-0.03945,0.402941,0.287692,0.242661,0.591129,,-0.3,0.908333,1.475,1.590909,1.9,1.178947,1.668889,1.158333,1.24918,1.457143,0.109091,1.467901,0.918987,1.052564,0.866667,1.304762,0.778205,1.104615,0.917544
,,,,,,-0.26667,0.866666667,-0.041666667,-0.136363636,0.22,-0.37474,0.295556,0.024167,0.149508,0.316429,0.817647,-0.03571,0.05,-0.01579,-0.04679,0.381618,0.292308,0.245872,0.5625,,-0.26667,0.970833,1.566667,1.6,2.04,1.194737,1.635556,1.154167,1.165574,1.442857,0.1,1.519753,0.931646,1.110256,0.866667,1.27619,0.761538,1.058462,0.905263
,,,,,,-0.23333,1,-0.041666667,-0.145454545,0.22,-0.40632,0.277778,0.015833,0.164262,0.321786,0.858824,-0.02857,0.023214,-0.04211,-0.05505,0.359559,0.276923,0.243578,0.543548,,-0.23333,0.991667,1.683333,1.618182,2.1,1.194737,1.593333,1.1625,1.07377,1.417857,0.118182,1.555556,0.95443,1.167949,0.892,1.22381,0.733333,1.024615,0.901754
,,,,,,-0.2,1.1,-1.85037E-17,-0.163636364,0.17,-0.41684,0.257778,0.0325,0.157705,0.325357,0.841176,-0.00357,0.003571,-0.05789,-0.05688,0.341912,0.263077,0.243119,0.520565,,-0.2,1.0125,1.733333,1.609091,2.22,1.2,1.546667,1.158333,0.995082,1.380357,0.136364,1.597531,0.932911,1.201282,0.908,1.171429,0.707692,0.978462,0.903509
,,,,,,-0.16667,1.166666667,-1.61908E-17,-0.172727273,0.16,-0.43263,0.248889,0.036667,0.167541,0.318214,0.817647,-0.00714,-0.0125,-0.05789,-0.05229,0.315441,0.256154,0.240826,0.493952,,-0.16667,1.091667,1.8,1.563636,2.31,1.231579,1.491111,1.15,0.903279,1.325,0.145455,1.634568,0.936709,1.271795,0.909333,1.133333,0.696154,0.921538,0.901754
,,,,,,-0.13333,1.166666667,0.008333333,-0.172727273,0.13,-0.44842,0.228889,0.053333,0.174098,0.321786,0.788235,-0.00714,-0.02321,-0.06316,-0.04862,0.300735,0.256923,0.238532,0.480645,,-0.13333,1.145833,1.85,1.563636,2.37,1.242105,1.422222,1.129167,0.821311,1.255357,0.163636,1.671605,0.920253,1.316667,0.912,1.07619,0.669231,0.890769,0.912281
,,,,,,-0.1,1.2,0.025,-0.154545455,0.14,-0.46947,0.242222,0.02,0.188852,0.32,0.770588,0.003571,-0.03571,-0.07895,-0.04587,0.286765,0.25,0.23578,0.461694,,-0.1,1.2125,1.908333,1.554545,2.47,1.231579,1.357778,1.116667,0.74918,1.155357,0.181818,1.697531,0.897468,1.339744,0.912,1.014286,0.65641,0.866154,0.929825
,,,,,,-0.06667,1.2,0.083333333,-0.163636364,0.13,-0.48,0.24,0.015833,0.19377,0.318214,0.758824,0.046429,-0.04464,-0.07895,-0.04495,0.269853,0.239231,0.23211,0.442742,,-0.06667,1.254167,1.983333,1.527273,2.54,1.263158,1.275556,1.054167,0.680328,1.071429,0.2,1.734568,0.882278,1.380769,0.912,0.952381,0.621795,0.849231,0.922807
,,,,,,-0.03333,1.2,0.116666667,-0.2,0.1,-0.46947,0.253333,0.036667,0.228197,0.330714,0.747059,0.082143,-0.04643,-0.09474,-0.04587,0.261029,0.242308,0.237156,0.432258,,-0.03333,1.3375,2.016667,1.509091,2.58,1.257895,1.197778,1.045833,0.604918,0.973214,0.172727,1.741975,0.865823,1.401282,0.909333,0.895238,0.584615,0.846154,0.921053
,,,,,,0,1.233333333,0.133333333,-0.2,0.09,-0.43789,0.257778,0.02,0.239672,0.346786,0.705882,0.103571,-0.04643,-0.07368,-0.03486,0.256618,0.242308,0.233486,0.428226,,0,1.408333,2.033333,1.490909,2.63,1.263158,1.117778,1.029167,0.519672,0.8875,0.181818,1.751852,0.860759,1.414103,0.930667,0.814286,0.569231,0.850769,0.912281
,,,,,,0.03333,1.266666667,0.133333333,-0.190909091,0.09,-0.39053,0.262222,0.02,0.264262,0.346786,0.7,0.132143,-0.025,-0.06316,-0.02477,0.242647,0.241538,0.227523,0.425806,,0.03333,1.475,2.058333,1.490909,2.65,1.257895,1.048889,0.991667,0.478689,0.830357,0.172727,1.750617,0.851899,1.433333,0.958667,0.728571,0.546154,0.849231,0.861404
,,,,,,0.06667,1.166666667,0.133333333,-0.145454545,0.08,-0.33263,0.284444,0.003333,0.272459,0.371786,0.694118,0.146429,-0.0125,-0.05789,-0.00459,0.241176,0.248462,0.23211,0.420565,,0.06667,1.541667,2.041667,1.454545,2.66,1.242105,0.973333,0.954167,0.454098,0.764286,0.163636,1.745679,0.849367,1.460256,0.978667,0.657143,0.520513,0.850769,0.819298
,,,,,,0.1,1.1,0.125,-0.109090909,0.11,-0.28526,0.291111,0.003333,0.306885,0.395,0.652941,0.171429,-0.01071,-0.05789,0.019266,0.225,0.254615,0.227982,0.421774,,0.1,1.608333,2.041667,1.454545,2.69,1.252632,0.886667,0.920833,0.431148,0.671429,0.145455,1.739506,0.856962,1.478205,1,0.62381,0.512821,0.832308,0.766667
,,,,,,0.13333,0.966666667,0.158333333,-0.109090909,0.11,-0.24842,0.337778,0.0075,0.338033,0.395,0.641176,0.203571,0.016071,-0.03684,0.036697,0.225735,0.271538,0.225229,0.418952,,0.13333,1.6625,2.041667,1.445455,2.75,1.252632,0.806667,0.904167,0.421311,0.6375,0.181818,1.716049,0.860759,1.516667,1.014667,0.580952,0.494872,0.846154,0.717544
,,,,,,0.16667,0.866666667,0.183333333,-0.063636364,0.12,-0.21158,0.371111,0.02,0.357705,0.425357,0.611765,0.239286,0.035714,0,0.065138,0.224265,0.276923,0.229358,0.41371,,0.16667,1.733333,2.033333,1.4,2.78,1.247368,0.728889,0.866667,0.434426,0.623214,0.172727,1.696296,0.874684,1.533333,1.041333,0.552381,0.478205,0.830769,0.708772
,,,,,,0.2,0.8,0.233333333,-0.009090909,0.12,-0.15368,0.404444,0.045,0.405246,0.4575,0.617647,0.278571,0.071429,0.010526,0.1,0.228676,0.29,0.240367,0.412097,,0.2,1.754167,2.016667,1.409091,2.78,1.268421,0.655556,0.854167,0.445902,0.566071,0.227273,1.666667,0.86962,1.541026,1.066667,0.519048,0.465385,0.833846,0.714035
,,,,,,0.23333,0.833333333,0.225,0.027272727,0.12,-0.08526,0.446667,0.078333,0.44459,0.478929,0.611765,0.328571,0.092857,0.031579,0.114679,0.225,0.313846,0.247248,0.403629,,0.23333,1.791667,1.991667,1.418182,2.73,1.273684,0.595556,0.854167,0.488525,0.528571,0.245455,1.645679,0.888608,1.535897,1.092,0.514286,0.444872,0.844615,0.715789
,,,,,,0.26667,0.833333333,0.275,0.090909091,0.14,-0.00632,0.486667,0.111667,0.49377,0.527143,0.611765,0.396429,0.123214,0.078947,0.13578,0.222059,0.333077,0.255963,0.40121,,0.26667,1.820833,2.016667,1.409091,2.7,1.278947,0.535556,0.8,0.514754,0.501786,0.318182,1.62716,0.897468,1.542308,1.121333,0.504762,0.430769,0.867692,0.74386
,,,,,,0.3,0.9,0.283333333,0.172727273,0.16,0.051579,0.526667,0.1075,0.551148,0.580714,0.6,0.460714,0.151786,0.142105,0.157798,0.224265,0.347692,0.267431,0.4,,0.3,1.820833,1.975,1.409091,2.61,1.252632,0.471111,0.804167,0.555738,0.457143,0.354545,1.602469,0.924051,1.542308,1.145333,0.495238,0.430769,0.873846,0.763158
,,,,,,0.33333,1.066666667,0.308333333,0.209090909,0.19,0.114737,0.571111,0.128333,0.597049,0.630714,0.6,0.535714,0.194643,0.2,0.175229,0.229412,0.369231,0.278899,0.409677,,0.33333,1.8625,2.008333,1.409091,2.54,1.236842,0.404444,0.783333,0.598361,0.398214,0.381818,1.579012,0.925316,1.537179,1.16,0.5,0.420513,0.890769,0.792982
,,,,,,0.36667,1.2,0.341666667,0.281818182,0.25,0.162105,0.626667,0.153333,0.66918,0.67,0.611765,0.628571,0.226786,0.284211,0.189908,0.235294,0.387692,0.288991,0.408065,,0.36667,1.870833,1.958333,1.436364,2.49,1.236842,0.351111,0.766667,0.627869,0.360714,0.390909,1.553086,0.953165,1.524359,1.161333,0.480952,0.40641,0.907692,0.810526
,,,,,,0.4,1.433333333,0.416666667,0.318181818,0.32,0.22,0.671111,0.153333,0.74459,0.725357,0.611765,0.728571,0.266071,0.384211,0.217431,0.233088,0.410769,0.298165,0.409677,,0.4,1.870833,1.966667,1.390909,2.42,1.231579,0.32,0.745833,0.672131,0.335714,0.4,1.528395,0.974684,1.517949,1.173333,0.490476,0.401282,0.912308,0.822807
,,,,,,0.43333,1.6,0.491666667,0.363636364,0.41,0.262105,0.713333,0.203333,0.824918,0.775357,0.629412,0.825,0.321429,0.473684,0.23211,0.2375,0.423846,0.311927,0.420565,,0.43333,1.879167,1.941667,1.390909,2.33,1.210526,0.297778,0.704167,0.714754,0.301786,0.381818,1.461728,0.988608,1.516667,1.181333,0.480952,0.407692,0.915385,0.854386
,,,,,,0.46667,1.7,0.591666667,0.409090909,0.52,0.309474,0.768889,0.245,0.883934,0.830714,0.647059,0.907143,0.371429,0.578947,0.249541,0.241176,0.435385,0.322018,0.423387,,0.46667,1.875,1.95,1.381818,2.25,1.2,0.271111,0.7,0.762295,0.280357,0.381818,1.425926,1.001266,1.501282,1.194667,0.471429,0.417949,0.926154,0.863158
,,,,,,0.5,1.933333333,0.633333333,0.490909091,0.61,0.351579,0.811111,0.27,0.960984,0.866429,0.658824,0.971429,0.4125,0.673684,0.277064,0.248529,0.436923,0.336239,0.430242,,0.5,1.866667,1.966667,1.354545,2.21,1.215789,0.253333,0.670833,0.82459,0.264286,0.381818,1.396296,1.016456,1.485897,1.205333,0.461905,0.435897,0.926154,0.87193
,,,,,,0.53333,2.1,0.683333333,0.518181818,0.68,0.388421,0.862222,0.299167,1.031475,0.925357,0.670588,1.046429,0.45,0.768421,0.295413,0.257353,0.454615,0.345413,0.4375,,0.53333,1.879167,1.958333,1.327273,2.14,1.2,0.24,0.654167,0.870492,0.255357,0.372727,1.37037,1.037975,1.471795,1.217333,0.442857,0.448718,0.924615,0.873684
,,,,,,0.56667,2.333333333,0.741666667,0.590909091,0.74,0.42,0.9,0.340833,1.100328,0.980714,0.711765,1.110714,0.489286,0.852632,0.316514,0.259559,0.461538,0.356422,0.450403,,0.56667,1.858333,1.941667,1.281818,2.08,1.168421,0.226667,0.633333,0.92623,0.221429,0.4,1.34321,1.043038,1.455128,1.226667,0.438095,0.469231,0.92,0.884211
,,,,,,0.6,2.533333333,0.808333333,0.627272727,0.8,0.456842,0.953333,0.365833,1.14459,1.014643,0.723529,1.178571,0.530357,0.931579,0.343119,0.260294,0.478462,0.369266,0.454839,,0.6,1.845833,1.95,1.309091,2.01,1.168421,0.226667,0.6375,0.986885,0.230357,0.381818,1.320988,1.070886,1.430769,1.230667,0.42381,0.484615,0.935385,0.905263
,,,,,,0.63333,2.766666667,0.866666667,0.672727273,0.82,0.509474,0.997778,0.399167,1.162623,1.055714,0.758824,1.239286,0.557143,1.015789,0.366055,0.269853,0.486923,0.375229,0.469355,,0.63333,1.8375,1.958333,1.263636,1.95,1.157895,0.233333,0.620833,1.022951,0.226786,0.381818,1.288889,1.082278,1.412821,1.232,0.419048,0.502564,0.926154,0.933333
,,,,,,0.66667,2.766666667,0.916666667,0.727272727,0.88,0.535789,1.028889,0.436667,1.177377,1.075357,0.8,1.310714,0.589286,1.094737,0.384404,0.279412,0.506923,0.388991,0.475806,,0.66667,1.841667,1.95,1.290909,1.9,1.184211,0.242222,0.629167,1.083607,0.217857,0.381818,1.261728,1.098734,1.384615,1.228,0.428571,0.528205,0.895385,0.929825
,,,,,,0.7,2.9,0.991666667,0.763636364,0.97,0.572632,1.082222,0.47,1.190492,1.075357,0.805882,1.364286,0.632143,1.205263,0.405505,0.285294,0.509231,0.395413,0.481452,,0.7,1.841667,1.941667,1.3,1.84,1.168421,0.237778,0.604167,1.118033,0.230357,0.418182,1.241975,1.117722,1.351282,1.222667,0.42381,0.538462,0.875385,0.949123
,,,,,,0.73333,3.066666667,1.008333333,0.845454545,1.04,0.62,1.095556,0.524167,1.19377,1.096786,0.829412,1.421429,0.658929,1.289474,0.433945,0.297794,0.523846,0.401835,0.487097,,0.73333,1.829167,1.925,1.290909,1.81,1.163158,0.257778,0.6,1.154098,0.239286,0.427273,1.204938,1.120253,1.321795,1.213333,0.433333,0.552564,0.866154,0.947368
,,,,,,0.76667,3.166666667,0.991666667,0.909090909,1.13,0.688421,1.111111,0.57,1.174098,1.103929,0.864706,1.464286,0.698214,1.394737,0.462385,0.302206,0.54,0.413761,0.486694,,0.76667,1.833333,1.941667,1.290909,1.75,1.184211,0.273333,0.5875,1.186885,0.255357,0.372727,1.188889,1.120253,1.301282,1.185333,0.438095,0.565385,0.833846,0.964912
,,,,,,0.8,3.133333333,1.041666667,0.963636364,1.23,0.709474,1.126667,0.611667,1.131475,1.089643,0.888235,1.5,0.733929,1.521053,0.491743,0.313235,0.551538,0.417431,0.492742,,0.8,1.829167,1.933333,1.245455,1.73,1.2,0.275556,0.566667,1.201639,0.251786,0.372727,1.159259,1.126582,1.283333,1.173333,0.442857,0.562821,0.810769,0.963158
,,,,,,0.83333,3.066666667,1.058333333,1,1.32,0.735789,1.128889,0.661667,1.09541,1.089643,0.911765,1.542857,0.776786,1.647368,0.510092,0.324265,0.563846,0.426606,0.497581,,0.83333,1.829167,1.925,1.218182,1.71,1.189474,0.275556,0.554167,1.227869,0.273214,0.363636,1.124691,1.136709,1.255128,1.154667,0.433333,0.583333,0.772308,0.952632
,,,,,,0.86667,3,1.083333333,1.018181818,1.39,0.762105,1.135556,0.7325,1.065902,1.102143,0.911765,1.571429,0.808929,1.752632,0.526606,0.333088,0.576154,0.430275,0.504839,,0.86667,1.808333,1.916667,1.254545,1.68,1.205263,0.271111,0.558333,1.24918,0.271429,0.363636,1.097531,1.131646,1.242308,1.137333,0.442857,0.601282,0.755385,0.961404
,,,,,,0.9,2.9,1.066666667,1.081818182,1.49,0.798947,1.133333,0.761667,1.04459,1.084286,0.947059,1.596429,0.839286,1.826316,0.544954,0.340441,0.587692,0.431651,0.504435,,0.9,1.795833,1.908333,1.218182,1.67,1.221053,0.262222,0.5625,1.268852,0.283929,0.372727,1.075309,1.125316,1.223077,1.132,0.442857,0.60641,0.733846,0.978947
,,,,,,0.93333,2.833333333,1.033333333,1.127272727,1.56,0.814737,1.131111,0.803333,0.992131,1.046786,0.964706,1.596429,0.864286,1.905263,0.553211,0.341176,0.596154,0.436697,0.517742,,0.93333,1.783333,1.908333,1.236364,1.67,1.226316,0.244444,0.558333,1.290164,0.282143,0.390909,1.062963,1.125316,1.208974,1.116,0.457143,0.614103,0.696923,0.978947
,,,,,,0.96667,2.666666667,0.991666667,1.127272727,1.63,0.82,1.115556,0.828333,0.934754,0.991429,1,1.610714,0.892857,1.989474,0.566972,0.343382,0.610769,0.436239,0.517742,,0.96667,1.766667,1.9,1.227273,1.63,1.205263,0.222222,0.558333,1.301639,0.275,0.409091,1.055556,1.129114,1.201282,1.105333,0.466667,0.628205,0.667692,0.998246
,,,,,,1,2.566666667,1.016666667,1.145454545,1.71,0.862105,1.12,0.824167,0.872459,0.941429,1.023529,1.621429,0.930357,2.042105,0.591743,0.353676,0.619231,0.439908,0.521774,,1,1.7625,1.925,1.218182,1.65,1.184211,0.215556,0.5625,1.3,0.291071,0.427273,1.030864,1.135443,1.164103,1.092,0.461905,0.642308,0.66,0.994737
,,,,,,1.03333,2.433333333,1.05,1.190909091,1.78,0.872632,1.115556,0.82,0.851148,0.877143,1.058824,1.603571,0.955357,2.105263,0.60367,0.358088,0.619231,0.454128,0.531048,,1.03333,1.725,1.925,1.236364,1.65,1.205263,0.202222,0.545833,1.303279,0.303571,0.390909,1.01358,1.143038,1.138462,1.077333,0.461905,0.653846,0.652308,1.012281
,,,,,,1.06667,2.266666667,1.041666667,1.236363636,1.83,0.893684,1.104444,0.836667,0.823279,0.843214,1.070588,1.621429,0.973214,2.126316,0.619266,0.369853,0.637692,0.461927,0.529435,,1.06667,1.7125,1.908333,1.245455,1.66,1.2,0.195556,0.5875,1.301639,0.305357,0.409091,1.008642,1.153165,1.117949,1.061333,0.480952,0.671795,0.627692,1.026316
,,,,,,1.1,2.133333333,1.033333333,1.290909091,1.86,0.883158,1.111111,0.8325,0.821639,0.800357,1.082353,1.614286,1,2.184211,0.637615,0.366912,0.650769,0.458257,0.532661,,1.1,1.679167,1.858333,1.263636,1.67,1.2,0.175556,0.5625,1.290164,0.282143,0.4,0.995062,1.158228,1.084615,1.050667,0.471429,0.676923,0.606154,1.047368
,,,,,,1.13333,2,1.091666667,1.336363636,1.92,0.935789,1.102222,0.8075,0.797049,0.750357,1.117647,1.592857,1.007143,2.210526,0.649541,0.367647,0.671538,0.462844,0.541935,,1.13333,1.6625,1.858333,1.272727,1.67,1.173684,0.162222,0.55,1.290164,0.273214,0.4,0.991358,1.168354,1.064103,1.048,0.47619,0.674359,0.590769,1.070175
,,,,,,1.16667,1.866666667,1.075,1.4,1.97,0.941053,1.084444,0.824167,0.780656,0.734286,1.111765,1.553571,1.025,2.242105,0.658716,0.369853,0.674615,0.46055,0.547177,,1.16667,1.570833,1.858333,1.3,1.62,1.194737,0.142222,0.533333,1.295082,0.294643,0.409091,0.975309,1.163291,1.026923,1.038667,0.485714,0.658974,0.587692,1.082456
,,,,,,1.2,1.7,1.083333333,1.445454545,1.98,0.941053,1.068889,0.849167,0.764262,0.698571,1.117647,1.535714,1.058929,2.242105,0.666055,0.373529,0.69,0.456422,0.550403,,1.2,1.554167,1.875,1.354545,1.63,1.194737,0.133333,0.541667,1.3,0.2875,0.436364,0.964198,1.15443,1.001282,1.028,0.471429,0.653846,0.569231,1.089474
,,,,,,1.23333,1.6,1.075,1.472727273,2,0.977895,1.062222,0.87,0.765902,0.67,1.117647,1.489286,1.058929,2.268421,0.681651,0.377941,0.704615,0.46055,0.554435,,1.23333,1.545833,1.883333,1.381818,1.63,1.184211,0.115556,0.570833,1.311475,0.278571,0.436364,0.97284,1.153165,0.984615,1.002667,0.504762,0.661538,0.550769,1.070175
,,,,,,1.26667,1.366666667,1.108333333,1.463636364,2.11,0.988421,1.037778,0.890833,0.772459,0.634286,1.123529,1.45,1.067857,2.257895,0.694495,0.3875,0.719231,0.473394,0.552419,,1.26667,1.525,1.866667,1.409091,1.6,1.147368,0.106667,0.566667,1.306557,0.282143,0.445455,0.962963,1.149367,0.966667,1,0.509524,0.665385,0.546154,1.064912
,,,,,,1.3,1.266666667,1.116666667,1.481818182,2.15,1.004211,1,0.936667,0.774098,0.611071,1.129412,1.435714,1.1125,2.263158,0.725688,0.391176,0.736923,0.479358,0.553629,,1.3,1.495833,1.841667,1.409091,1.59,1.157895,0.088889,0.579167,1.295082,0.3125,0.454545,0.938272,1.135443,0.966667,0.98,0.5,0.664103,0.516923,1.05614
,,,,,,1.33333,1.133333333,1.15,1.427272727,2.23,1.009474,0.962222,0.978333,0.767541,0.578929,1.182353,1.396429,1.117857,2.252632,0.748624,0.400735,0.761538,0.486697,0.558065,,1.33333,1.504167,1.85,1.427273,1.57,1.152632,0.093333,0.575,1.304918,0.325,0.454545,0.92716,1.129114,0.948718,0.949333,0.509524,0.683333,0.5,1.038596
,,,,,,1.36667,1,1.166666667,1.418181818,2.31,1.041053,0.948889,0.999167,0.757705,0.548571,1.194118,1.367857,1.1375,2.242105,0.774312,0.397059,0.757692,0.490367,0.560887,,1.36667,1.495833,1.841667,1.472727,1.55,1.147368,0.088889,0.6,1.321311,0.307143,0.472727,0.912346,1.125316,0.958974,0.926667,0.514286,0.683333,0.481538,1.038596
,,,,,,1.4,0.9,1.225,1.390909091,2.33,1.046316,0.908889,0.990833,0.757705,0.503929,1.182353,1.335714,1.15,2.242105,0.790826,0.397794,0.763846,0.497248,0.563306,,1.4,1.491667,1.833333,1.472727,1.57,1.142105,0.068889,0.595833,1.319672,0.307143,0.472727,0.903704,1.105063,0.95,0.908,0.528571,0.676923,0.453846,1.010526
,,,,,,1.43333,0.8,1.25,1.354545455,2.38,1.056842,0.864444,1.003333,0.760984,0.47,1.164706,1.307143,1.142857,2.205263,0.808257,0.405147,0.776154,0.497248,0.562903,,1.43333,1.4875,1.841667,1.509091,1.56,1.131579,0.057778,0.591667,1.308197,0.307143,0.454545,0.891358,1.088608,0.939744,0.877333,0.542857,0.664103,0.409231,1.005263
,,,,,,1.46667,0.766666667,1.316666667,1.309090909,2.36,1.072632,0.824444,1.02,0.764262,0.439643,1.176471,1.303571,1.141071,2.168421,0.829358,0.419853,0.786154,0.491284,0.568548,,1.46667,1.4625,1.841667,1.518182,1.55,1.110526,0.053333,0.583333,1.311475,0.323214,0.481818,0.890123,1.087342,0.928205,0.854667,0.542857,0.673077,0.4,0.998246
,,,,,,1.5,0.7,1.358333333,1.272727273,2.36,1.088421,0.791111,1.049167,0.77082,0.421786,1.164706,1.267857,1.139286,2.131579,0.846789,0.427206,0.787692,0.504128,0.57621,,1.5,1.445833,1.858333,1.454545,1.53,1.121053,0.048889,0.583333,1.32459,0.298214,0.527273,0.877778,1.082278,0.921795,0.829333,0.547619,0.664103,0.392308,1.001754
,,,,,,1.53333,0.7,1.383333333,1.263636364,2.37,1.104211,0.766667,1.036667,0.779016,0.409286,1.152941,1.235714,1.119643,2.094737,0.855963,0.433824,0.801538,0.504587,0.570565,,1.53333,1.425,1.908333,1.518182,1.5,1.110526,0.04,0.604167,1.32459,0.2875,0.554545,0.858025,1.067089,0.9,0.812,0.542857,0.666667,0.381538,0.989474
,,,,,,1.56667,0.666666667,1.425,1.227272727,2.33,1.098947,0.735556,1.095,0.792131,0.398571,1.158824,1.207143,1.110714,2.063158,0.879817,0.438971,0.810769,0.51055,0.580645,,1.56667,1.4125,1.941667,1.509091,1.5,1.1,0.033333,0.579167,1.322951,0.2875,0.563636,0.844444,1.05443,0.879487,0.781333,0.528571,0.667949,0.38,0.963158
,,,,,,1.6,0.566666667,1.466666667,1.245454545,2.31,1.088421,0.695556,1.103333,0.801967,0.378929,1.147059,1.182143,1.092857,2.042105,0.886239,0.451471,0.82,0.50367,0.58629,,1.6,1.408333,1.95,1.509091,1.49,1.089474,0.028889,0.579167,1.321311,0.269643,0.609091,0.828395,1.032911,0.853846,0.766667,0.52381,0.651282,0.376923,0.959649
,,,,,,1.63333,0.566666667,1.475,1.236363636,2.26,1.093684,0.677778,1.099167,0.811803,0.364643,1.117647,1.142857,1.071429,2.010526,0.89633,0.457353,0.816154,0.505963,0.582661,,1.63333,1.4125,1.95,1.490909,1.44,1.078947,0.033333,0.575,1.327869,0.269643,0.618182,0.820988,1.012658,0.825641,0.745333,0.514286,0.648718,0.384615,0.949123
,,,,,,1.66667,0.533333333,1.533333333,1.254545455,2.21,1.098947,0.646667,1.099167,0.806885,0.345,1.123529,1.125,1.055357,1.968421,0.909174,0.465441,0.813846,0.504128,0.575806,,1.66667,1.391667,1.975,1.463636,1.44,1.068421,0.044444,0.55,1.327869,0.266071,0.663636,0.81358,1.007595,0.797436,0.728,0.5,0.65641,0.376923,0.950877
,,,,,,1.7,0.533333333,1.566666667,1.290909091,2.19,1.109474,0.635556,1.090833,0.813443,0.330714,1.094118,1.092857,1.044643,1.905263,0.918349,0.481618,0.796923,0.509174,0.579435,,1.7,1.366667,2,1.481818,1.46,1.052632,0.048889,0.554167,1.347541,0.260714,0.718182,0.788889,0.992405,0.779487,0.72,0.485714,0.65,0.386154,0.947368
,,,,,,1.73333,0.5,1.641666667,1.309090909,2.15,1.125263,0.593333,1.095,0.811803,0.312857,1.070588,1.089286,1.0375,1.852632,0.933945,0.4875,0.799231,0.509633,0.582661,,1.73333,1.3625,2,1.463636,1.43,1.057895,0.055556,0.541667,1.332787,0.267857,0.754545,0.785185,0.983544,0.760256,0.7,0.461905,0.633333,0.4,0.924561
,,,,,,1.76667,0.466666667,1.691666667,1.318181818,2.12,1.146316,0.58,1.0575,0.811803,0.291429,1.047059,1.085714,1.041071,1.8,0.949541,0.497794,0.790769,0.511009,0.584274,,1.76667,1.341667,2,1.463636,1.43,1.052632,0.048889,0.558333,1.336066,0.280357,0.818182,0.755556,0.963291,0.735897,0.677333,0.461905,0.638462,0.395385,0.912281
,,,,,,1.8,0.466666667,1.741666667,1.345454545,2.13,1.135789,0.56,1.045,0.813443,0.259286,1.047059,1.039286,1.030357,1.726316,0.96055,0.497059,0.786923,0.504128,0.595161,,1.8,1.341667,2,1.454545,1.41,1.057895,0.037778,0.55,1.332787,0.282143,0.827273,0.735802,0.944304,0.720513,0.650667,0.452381,0.634615,0.406154,0.894737
,,,,,,1.83333,0.466666667,1.75,1.390909091,2.11,1.135789,0.522222,1.0075,0.829836,0.271786,1.023529,1.003571,1.026786,1.678947,0.957798,0.5,0.79,0.508257,0.591935,,1.83333,1.3375,1.991667,1.436364,1.35,1.031579,0.033333,0.520833,1.367213,0.282143,0.836364,0.711111,0.937975,0.708974,0.638667,0.433333,0.634615,0.409231,0.882456
,,,,,,1.86667,0.466666667,1.825,1.409090909,2.12,1.151579,0.495556,0.978333,0.856066,0.268214,0.982353,0.946429,1.023214,1.663158,0.968807,0.503676,0.790769,0.51789,0.587903,,1.86667,1.345833,1.966667,1.418182,1.36,1.042105,0.046667,0.520833,1.372131,0.294643,0.854545,0.683951,0.93038,0.698718,0.632,0.409524,0.639744,0.415385,0.852632
,,,,,,1.9,0.466666667,1.833333333,1.418181818,2.09,1.141053,0.488889,0.9325,0.89541,0.245,0.970588,0.917857,1.028571,1.626316,0.974312,0.516912,0.792308,0.516514,0.594758,,1.9,1.354167,1.975,1.418182,1.35,1.026316,0.053333,0.529167,1.37377,0.296429,0.881818,0.646914,0.931646,0.694872,0.62,0.428571,0.632051,0.427692,0.838596
,,,,,,1.93333,0.433333333,1.875,1.472727273,2.09,1.162105,0.471111,0.895,0.926557,0.237857,0.941176,0.885714,1.016071,1.557895,0.974312,0.517647,0.784615,0.52156,0.592742,,1.93333,1.345833,1.95,1.418182,1.36,1.036842,0.062222,0.504167,1.37377,0.303571,0.9,0.641975,0.910127,0.689744,0.618667,0.419048,0.624359,0.418462,0.824561
,,,,,,1.96667,0.366666667,1.858333333,1.481818182,2.07,1.162105,0.451111,0.878333,0.956066,0.2325,0.888235,0.867857,1.019643,1.542105,0.97156,0.535294,0.783077,0.532569,0.582661,,1.96667,1.3625,1.983333,1.409091,1.36,1.031579,0.057778,0.483333,1.380328,0.291071,0.927273,0.623457,0.886076,0.687179,0.618667,0.419048,0.621795,0.421538,0.789474
,,,,,,2,0.366666667,1.883333333,1.463636364,2.08,1.167368,0.426667,0.853333,0.96918,0.212857,0.841176,0.853571,1.017857,1.531579,0.977982,0.550735,0.778462,0.534862,0.583468,,2,1.3375,1.983333,1.381818,1.36,0.989474,0.053333,0.470833,1.359016,0.2875,0.945455,0.607407,0.873418,0.678205,0.622667,0.42381,0.619231,0.446154,0.770175
